Degree,Min,Max,Range
1,no
2,no
3,no
4,no
5,no
6,no
7,no
8,no
9,no
10,no
11,no
12,no
13,no
14,no
15,no
16,no
17,no
18,no
19,no
20,no
21,no
22,no
23,no
24,no
25,no
26,no
27,-0.011066270476148055,1.0010749584846002,1.0121412289607483
28,-0.0027931156156240644,1.000056055366621,1.002849170982245
29,-0.01030158709361656,0.9990679237535977,1.0093695108472143
30,-0.002604335252153478,0.9999544100168505,1.002558745269004
31,-0.009635834228221674,1.000815884142722,1.0104517183709436
32,-0.0024395919691175827,1.000037575077554,1.0024771670466717
33,-0.009050966364078317,0.9992798711748395,1.0083308375389177
34,-0.002294549132136725,0.9999686664169729,1.0022632155491096
35,-0.008533078141292616,1.0006402859050572,1.0091733640463498
36,-0.0021658580302498787,1.0000264010270727,1.0021922590573227
37,-0.008071280890765031,0.9994269833177798,1.0074982642085448
38,-0.002050890960978935,0.999977548431412,1.0020284393923908
39,-0.007656925501838274,1.0005158140239647,1.0081727395258029
40,-0.0019475561642773864,1.0000192520361977,1.0019668082004751
41,-0.007283055811317274,0.9995332342712531,1.0068162900825703
42,-0.0018541681058529824,0.9999833674139406,1.0018375355197935
43,-0.006944011245431092,1.0004243928625554,1.0073684041079864
44,-0.001769352297739668,1.0000144675136253,1.001783819811365
45,-0.00663514064521753,0.9996124628932403,1.006247603538458
46,-0.0016919772159127988,0.999987337568279,1.0016793147841918
47,-0.006352586932813875,1.0003552808467369,1.0067078677795507
48,-0.0016211025451278727,1.0000111455341714,1.0016322480792992
49,-0.006093122420609498,0.9996731104367779,1.0057662328573873
50,-0.001555940295518643,0.9999901384629688,1.0015460787584876
51,-0.005854028180413751,1.0003017696874503,1.0061557978678641
52,-0.0014958249985094763,1.000008767408507,1.0015045924070165
53,-0.005632994300235561,0.9997205626472617,1.0053535569474974
54,-0.001440191565533211,0.9999921706851589,1.001432362250692
55,-0.005428048392683571,1.0002594949382637,1.0056875433309473
56,-0.001388555452878415,1.000007020406105,1.0013955758589832
57,-0.005237496117723561,0.9997583867386877,1.0049958828564112
58,-0.0013404999354732494,0.9999936808092663,1.0013341807447396
59,-0.0050598714942654,1.0002255179155592,1.0052853894098246
60,-0.0012956648821873529,1.0000057083284166,1.001301373210604
61,-0.0048939021685929784,0.9997890213121192,1.0046829234807122
62,-0.0012537363755900643,0.999994826275995,1.001248562651585
63,-0.0047384770528803855,1.0001978012858321,1.0049362783387126
64,-0.0012144405397722102,1.000004703840555,1.0012191443803273
65,-0.0045926221400388045,0.9998141791832559,1.0044068013232947
66,-0.001177536141524993,0.9999957108263295,1.0011732469678545
67,-0.004455479606588042,1.0001748966070498,1.004630376213638
68,-0.0011428113293853182,1.0000039218457188,1.001146733175104
69,-0.004326291090056389,0.9998350919438486,1.004161383033905
70,-0.0011100783416063686,0.9999964047099328,1.0011064830515393
71,-0.004204384345765422,1.0001557512952495,1.004360135641015
72,-0.0010791702321648056,1.0000033040034504,1.0010824742356152
73,-0.004089161983033718,0.9998526635226237,1.0039418255056574
74,-0.0010499385255925975,0.9999969566496018,1.0010468951751943
75,-0.003980086395361182,1.0001395855659907,1.0041196719613519
76,-0.0010222504812593125,1.000002809407689,1.0010250598889483
77,-0.003876679525373461,0.9998675694800293,1.0037442490054027
78,-0.0009959863585454753,0.9999974011601134,1.0009933875186587
79,-0.0037785104831211114,1.0001258117958662,1.0039043222789874
80,-0.0009710394210673545,1.0000024087991248,1.0009734482201922
81,-0.0036851908061525385,0.9998803228944542,1.0035655137006068
82,-0.0009473124901055452,0.9999977631560778,1.0009450756461833
83,-0.0035963698752258244,1.0001139803807326,1.0037103502559583
84,-0.0009247187790059064,1.0000020808731365,1.0009267996521425
85,-0.003511730460166562,0.999891319094151,1.0034030495543176
86,-0.0009031780939171008,0.9999980609281462,1.0009012390220633
87,-0.0034309843745374824,1.000103742588756,1.0035347269632935
88,-0.0008826189734298384,1.0000018098669317,1.0008844288403616
89,-0.0033538682221868066,0.9999008666552235,1.0032547348774103
90,-0.0008629760467485648,0.9999983081097703,1.0008612841565188
91,-0.003280142367456995,1.0000948245744117,1.0033749669418688
92,-0.0008441885406242355,1.0000015839481229,1.0008457724887472
93,-0.003209588532676111,0.9999092092812644,1.0031187978139404
94,-0.0008262026858071314,0.9999985150039399,1.000824717689747
95,-0.003142006454425861,1.0000870088796077,1.0032290153340335
96,-0.00080896744325748,1.0000013941172996,1.000810361560557
97,-0.0030772117724596204,0.9999165415059275,1.002993753278387
98,-0.0007924370217584631,0.9999986894949718,1.0007911265167304
99,-0.0030150357426716456,1.0000801210543262,1.003095156796998
100,-0.0007765688080322297,1.000001233447274,1.0007778022553064
101,-0.002955322397412641,0.9999230201339031,1.0028783425313157
102,-0.0007613243337752373,0.9999988376858318,1.000760162019607
103,-0.002897929138029276,1.0000740198395008,1.0029719489775302
104,-0.0007466671181580731,1.0000010965470993,1.0007477636652573
105,-0.0028427218342435556,0.9999287726924728,1.0027714945267163
106,-0.0007325634639682166,0.999998964350526,1.0007315278144944
107,-0.002789580033147998,1.0000685898680328,1.002858169901181
108,-0.0007189837042876901,1.0000009791788582,1.0007199628831458
109,-0.0027383880192015098,0.9999339037541823,1.002672291773384
110,-0.0007058982365167887,0.9999990732598208,1.0007049714963376
111,-0.0026890407263883698,1.000063736171958,1.0027527768983464
112,-0.000693280710888422,1.0000008779799219,1.0006941586908102
113,-0.0026414405156299225,0.9999384997220663,1.0025799402376963
114,-0.0006811062926501688,0.9999991674188616,1.0006802737115117
115,-0.0025954978763989,1.0000593800025197,1.0026548778789186
116,-0.0006693527475399308,1.0000007902590884,1.0006701430066283
117,-0.002551124408317007,0.9999426324902725,1.0024937568985894
118,-0.0006579977931209791,0.9999992492425127,1.0006572470356336
119,-0.002508244001142579,1.0000554556163255,1.002563699617468
120,-0.0006470220520299885,1.0000007138452438,1.0006477358972738
121,-0.002466779807455244,0.9999463622723523,1.0024131420798077
122,-0.0006364060388303616,0.9999993206863671,1.0006357267251975
123,-0.0024266669031191568,1.0000519077806673,1.0024785746837865
124,-0.0006261334153352949,1.0000006469737792,1.0006267803891145
125,-0.0023878355943984797,0.9999497398066091,1.0023375754010075
126,-0.0006161874993814154,0.9999993833454706,1.000615570844852
127,-0.002350228188198744,1.0000486898197563,1.0023989180079549
128,-0.0006065522492721964,1.000000588200506,1.0006071404497783
129,-0.0023137876603488428,0.9999528080905613,1.00226659575091
130,-0.0005972142653253298,0.999999438529545,1.0005966527948704
131,-0.0022784576043460847,1.0000457620718606,1.0023242196762068
132,-0.0005881591747418091,1.000000536335765,1.0005886955105068
133,-0.0022441934271753006,0.99995560375599,1.0021997971831653
134,-0.0005793748153270495,0.999999487320836,1.000578862136163
135,-0.0022109433560599245,1.0000430906615305,1.0022540340175905
136,-0.0005708490609493411,1.0000004903935968,1.0005713394545461
137,-0.0021786635718997194,0.9999581581672268,1.0021368217391264
138,-0.0005625700606410877,0.99999953061885,1.0005621006794911
139,-0.002147312655196243,1.0000406465154024,1.0021879591705987
140,-0.0005545284912588655,1.0000004495521928,1.0005549780434517
141,-0.002116852934100799,0.9999604983046018,1.0020773512387025
142,-0.0005467138598447829,0.999999569175422,1.0005462830352667
143,-0.002087244280565559,1.0000384045679376,1.002125648848503
144,-0.0005391157062242802,1.0000004131228806,1.0005395288291048
145,-0.0020584520975145404,0.9999626474797048,1.0020210995772194
146,-0.0005317264980541636,0.9999996036221999,1.000531330120254
147,-0.0020304440732906714,1.000036343116234,1.0020667871895248
148,-0.0005245374900388344,1.0000003805255917,1.0005249180156306
149,-0.00200318821475276,0.9999646259181219,1.0019678141328745
150,-0.0005175397609638033,0.9999996344924791,1.0005171742534429
151,-0.0019766528255643623,1.0000344432929225,1.002011096118487
152,-0.0005107265436964381,1.0000003512694393,1.0005110778131359
153,-0.0019508135418464523,0.9999664512370207,1.001917264778867
154,-0.0005040902182154028,0.9999996622386382,1.0005037524568536
155,-0.0019256381320478244,1.0000326886329551,1.001958326765003
156,-0.0004976244830038334,1.0000003249370948,1.0004979494200987
157,-0.0019011072000523765,0.9999681388386088,1.0018692460386611
158,-0.0004913223814846379,0.9999996872460952,1.0004910096275799
159,-0.0018771927991727,1.0000310647156612,1.001908257514834
160,-0.00048517785558604976,1.0000003011722476,1.0004854790278337
161,-0.0018538719416243965,0.9999697022361218,1.0018235741777461
162,-0.0004791851249594803,0.9999997098445669,1.0004788949695262
163,-0.0018311224173632734,1.0000295588675687,1.001860681284932
164,-0.0004733382993552526,1.0000002796694498,1.000473617968805
165,-0.001808927047111497,0.9999711533251314,1.001780080372243
166,-0.0004676329533976342,0.999999730317291,1.0004673632706886
167,-0.0017872624867959486,1.000028159914394,1.0018154224011901
168,-0.0004620640260209474,1.0000002601658478,1.0004623241918686
169,-0.0017661091648856764,0.9999725026104851,1.0017386117753708
170,-0.0004566256213716646,0.9999997489084419,1.0004563745298136
171,-0.001745452377344081,1.0000268579731586,1.0017723103505027
172,-0.0004513140681473571,1.0000002424344028,1.0004515565025502
173,-0.0017252733380235807,0.9999737593969548,1.0016990327349784
174,-0.00044612445565855863,0.9999997658293098,1.0004458902849684
175,-0.0017055544063075967,1.0000256442771873,1.001731198683495
176,-0.0004410528992463414,1.0000002262783163,1.0004412791775628
177,-0.001686281077651619,0.9999749319500658,1.0016612130277174
178,-0.00043609493137869437,0.999999781263338,1.0004358761947167
179,-0.0016674389712785231,1.0000245110281243,1.0016919499994028
180,-0.0004312480198433999,1.0000002115264577,1.000431459546301
181,-0.0016490138239523833,0.9999760276323122,1.0016250414562646
182,-0.00042650684949796513,0.9999997953703121,1.00042630221981
183,-0.001630991483558275,1.000023451270415,1.0016544427539733
184,-0.00042186893615975274,1.00000019802952,1.0004220669656796
185,-0.0016133579026101907,0.9999770530190234,1.0015904109216336
186,-0.0004173312968220322,0.9999998082898441,1.0004171395866661
187,-0.001596099923531935,1.0000224587842608,1.0016185587077926
188,-0.00041289055806637,1.000000185656842,1.0004130762149082
189,-0.001579211637445288,0.9999780139972481,1.0015572256346934
190,-0.00040854289614644657,0.9999998201442873,1.000408363040434
191,-0.0015626724982519269,1.0000215279942217,1.0015842004924735
192,-0.00040428575983242343,1.0000001742937643,1.0004044600535966
193,-0.0015464804847044045,0.9999789158504341,1.0015253963351385
194,-0.0004001160274174631,0.999999831041184,1.0003999470686014
195,-0.0015306168087632632,1.000020653890716,1.0015512706994791
196,-0.0003960322870585897,1.0000001638393834,1.000396196126442
197,-0.0015150773018129393,0.9999797633311649,1.0014948406329778
198,-0.0003920307170240389,0.9999998410752893,1.0003918717923133
199,-0.0014998509364636536,1.0000198319624793,1.001519682898943
200,-0.0003881088356492146,1.0000001542046437,1.000388263040293
201,-0.0014849264757419434,0.9999805607239498,1.0014654871996918
202,-0.000384265522816285,0.9999998503303399,1.0003841158531561
203,-0.0014702957328401323,1.0000190581382404,1.0014893538710805
204,-0.00038049728183892073,1.000000145310766,1.000380642592605
205,-0.0014559505826181596,0.9999813118994061,1.0014372624820242
206,-0.0003768018038278198,0.9999998588804921,1.0003766606843199
207,-0.0014418829589622484,1.0000183287362265,1.0014602116951887
208,-0.00037317761537408733,1.000000137087904,1.000373314703278
209,-0.0014280848521360245,0.9999820203614362,1.0014101052135722
210,-0.0003696229383924887,0.9999998667915923,1.0003694897299846
211,-0.001414548306086949,1.0000176404202556,1.0014321887263427
212,-0.00036613504980814726,1.0000001294739276,1.0003662645237357
213,-0.0014012654156714266,0.9999826892880095,1.001383954703681
214,-0.0003627123208899685,0.9999998741222615,1.0003625864431516
215,-0.0013882283239176618,1.0000169901615938,1.0014052184855116
216,-0.00035935290573441137,1.000000122413516,1.0003594753192504
217,-0.0013754335379300708,0.9999833215669901,1.0013587551049201
218,-0.0003560547511281542,0.9999998809247514,1.0003559356758795
219,-0.001362873576225443,1.000016375205495,1.0013792487817204
220,-0.0003528174200133627,1.000000115857258,1.0003529332772714
221,-0.001350537580704081,0.9999839198272727,1.0013344574079768
222,-0.00034963824558453815,0.9999998872458031,1.0003495254913877
223,-0.0013384260913294477,1.000015793042049,1.0013542191333784
224,-0.0003465155301883849,1.0000001097609625,1.0003466252911508
225,-0.0013265280893619003,0.9999844864662113,1.0013110145555733
226,-0.00034344812415254555,0.9999998931272591,1.0003433412514116
227,-0.0013148406834781468,1.0000152413804881,1.0013300820639663
228,-0.00034043517493570485,1.0000001040849829,1.0003405392599185
229,-0.0013033558631346809,0.9999850236736272,1.0012883795367618
230,-0.000337474180389985,0.9999998986066749,1.0003373727870648
231,-0.0012920727579094349,1.0000147181266419,1.0013067908845512
232,-0.0003345641639825869,1.0000000987936928,1.0003346629576755
233,-0.0012809794284812659,0.9999855334530159,1.001266512881497
234,-0.00033170400445847736,0.9999999037178209,1.0003316077222792
235,-0.0012700782610168826,1.0000142213630239,1.0012842996240408
236,-0.00032889244235162485,1.0000000938550677,1.0003289862974194
237,-0.0012593611449709385,0.9999860176402315,1.0012453787852025
238,-0.00032612808581988784,0.9999999084911433,1.000326036576963
239,-0.0012488214846516632,1.0000137493312249,1.0012625708158764
240,-0.0003234094158227063,1.0000000892401977,1.0003234986560203
241,-0.0012384555563280664,0.9999864779200964,1.0012249334764245
242,-0.00032073584983688397,0.9999999129540804,1.0003206488039174
243,-0.0012282625603235453,1.000013300416388,1.0012415629767115
244,-0.00031810691326050744,1.0000000849229942,1.0003181918362547
245,-0.0012182369329230558,0.9999869158410166,1.0012051527739396
246,-0.00031551910913041326,0.9999999171314544,1.0003154362405848
247,-0.0012083730371724166,1.0000128731333089,1.0012212461704812
248,-0.0003129751377424772,1.000000080879819,1.0003130560175615
249,-0.0011986672468766169,0.9999873328280398,1.0011860000749164
250,-0.0003104703930206787,0.9999999210457597,1.0003103914387803
251,-0.0011891159578213961,1.0000124661141871,1.0012015820720086
252,-0.00030800577680528685,1.0000000770892976,1.0003080828661028
253,-0.0011797155869671117,0.9999877301944684,1.0011674457814355
254,-0.0003055805813198531,0.9999999247173763,1.0003055052986962
255,-0.0011704625716771888,1.000012078097622,1.0011825406692991
256,-0.0003031928367127068,1.000000073531973,1.0003032663686857
257,-0.0011613533689047162,0.9999881091522134,1.0011494625211181
258,-0.00030084196221169535,0.9999999281648093,1.000300770127021
259,-0.0011523844544099049,1.0000117079188766,1.0011640923732865
260,-0.00029852729216939267,1.000000070190205,1.0002985974823744
261,-0.0011435523219170407,0.9999884708210349,1.001132023142952
262,-0.0002962480796218636,0.9999999314049314,1.0002961794845533
263,-0.0011348554644696751,1.0000113545011147,1.0011462099655843
264,-0.00029400349944475046,1.0000000670479008,1.0002940705473455
265,-0.0011262923111375889,0.9999888162368432,1.0011151085479808
266,-0.00029179265130541143,0.9999999344530879,1.0002917271043934
267,-0.0011178565028372445,1.0000110168475225,1.0011288733503596
268,-0.00028961456226911375,1.0000000640903903,1.0002896786526594
269,-0.0011095445989408037,0.9999891463590598,1.0010986909580006
270,-0.00028746818915870165,0.9999999373232851,1.0002874055124438
271,-0.0011013531728866766,1.0000106940343156,1.0011120472072024
272,-0.0002853546674838059,1.00000006130431,1.0002854159717938
273,-0.0010932865358129207,0.9999894620774445,1.0010827486132574
274,-0.0002832717316320066,0.9999999400283197,1.0002832117599518
275,-0.0010853363573469776,1.0000103852043845,1.0010957215617315
276,-0.000281217571896919,1.0000000586773918,1.0002812762492888
277,-0.0010774974446285945,0.9999897642178579,1.0010672616624865
278,-0.00027919527558767365,0.9999999425799138,1.0002791378555014
279,-0.0010697745123510738,1.000010089561646,1.001079864073997
280,-0.00027719963133748804,1.0000000561984363,1.000277255829774
281,-0.0010621612279868575,0.9999900535479087,1.0010522147758956
282,-0.0002752344567099052,0.9999999449887791,1.000275179445489
283,-0.0010546509898391454,1.0000098063658394,1.0010644573556786
284,-0.00027329527677644183,1.0000000538571825,1.000273349133959
285,-0.001047253613114918,0.9999903307816576,1.0010375843947725
286,-0.0002713840136151502,0.9999999472647829,1.0002713312783982
287,-0.0010399527278422416,1.0000095349279472,1.0010494876557894
288,-0.0002694995715197823,1.0000000516441947,1.0002695512157145
289,-0.0010327582343197528,0.9999905965841287,1.0010233548184484
290,-0.000267640375854139,0.9999999494169348,1.0002675897927888
291,-0.0010256579956690048,1.0000092746059783,1.0010349326016472
292,-0.00026580622039029667,1.000000049550817,1.0002658557712074
293,-0.0010186588981617728,0.9999908515752597,1.0010095104734216
294,-0.0002639980697565214,0.9999999514535565,1.000263949523313
295,-0.0010117498040438933,1.0000090248011388,1.0010207746051827
296,-0.00026221444044854936,1.0000000475690416,1.00026226200949
297,-0.0010049395729204158,0.9999910963334995,1.0009960359064198
298,-0.0002604545478821496,0.9999999533822901,1.0002604079301722
299,-0.0009982135620745236,1.0000087849544657,1.0010069985165402
300,-0.00025871801301774466,1.000000045691572,1.0002587637045899
301,-0.000991584377768917,0.9999913313991602,1.000982915776929
302,-0.0002570044171312791,0.9999999552101957,1.000256959627327
303,-0.0009850381837178124,1.0000085545435875,1.0009935927273053
304,-0.0002553133032248689,1.0000000439116057,1.0002553572148305
305,-0.0009785775718249567,0.9999915572773288,1.0009701348491538
306,-0.00025364417723189314,0.9999999569437823,1.0002536011210141
307,-0.0009722048431020092,1.0000083330800078,1.0009805379231098
308,-0.0002519965091897225,1.0000000422229154,1.0002520387321052
309,-0.0009659101614642451,0.9999917744406359,1.0009576846021002
310,-0.0002503701839732253,0.999999958589028,1.0002503287730011
311,-0.0009596979929133997,1.0000081201063558,1.0009678180992692
312,-0.0002487657856487524,1.0000000406197134,1.000248806405362
313,-0.0009535679723896573,0.9999919833317006,1.0009455513040901
314,-0.00024718146938995655,0.9999999601515198,1.0002471416209098
315,-0.0009475124845919058,1.0000079151941996,1.0009554276787915
316,-0.00024561657281974014,1.0000000390966544,1.000245655669474
317,-0.0009415306418448233,0.999992184365367,1.0009337150072117
318,-0.0002440706451001251,0.9999999616363822,1.0002440322814823
319,-0.0009356311416748864,1.0000077179417328,1.0009433490834077
320,-0.00024254615561331017,1.0000000376487943,1.0002425838044076
321,-0.000929802719710604,0.9999923779308608,1.0009221806505715
322,-0.00024103933835795122,0.9999999630483793,1.0002410023867374
323,-0.0009240444028120742,1.0000075279719134,1.0009315723747254
324,-0.00023955069611958368,1.0000000362715524,1.000239586967672
325,-0.000918355223133327,0.9999925643935317,1.000910919616665
326,-0.00023808171378930654,0.9999999643919155,1.0002380461057048
327,-0.0009127389632992422,1.0000073449305797,1.000920083893879
328,-0.00023662844022914742,1.0000000349606792,1.0002366634009083
329,-0.0009071923764661372,0.9999927440966975,1.0008999364731637
330,-0.00023519556439682843,0.9999999656711085,1.0002351612355054
331,-0.0009017115610434612,1.0000071684848884,1.0009088800459318
332,-0.00023377721642781069,1.0000000337122332,1.000233810928661
333,-0.0008962955705063003,0.9999929173631903,1.0008892129336966
334,-0.00023237852088497934,0.9999999668897608,1.0002323454106459
335,-0.000890943463143945,1.000006998321692,1.0008979417848358
336,-0.0002309944624514504,1.0000000325225011,1.0002310269849526
337,-0.0008856543019596375,0.9999930844967472,1.0008787387987068
338,-0.00022962783350433114,0.9999999680514047,1.000229595884909
339,-0.0008804271545244657,1.0000068341462645,1.0008872613007889
340,-0.00022827724813179184,1.0000000313881179,1.0002283086362498
341,-0.0008752643742066524,0.9999932457834593,1.000868510157666
342,-0.00022694105541859466,0.9999999691593284,1.000226910214747
343,-0.0008701620160664336,1.0000066756808974,1.000876837696964
344,-0.00022562229494532682,1.0000000303058805,1.0002256526008257
345,-0.0008651184119226052,0.999993401492882,1.0008585199048046
346,-0.00022431834359309955,0.9999999702166144,1.0002242885602075
347,-0.0008601326474006465,1.0000065226638686,1.0008666553112693
348,-0.00022302852897815306,1.0000000292728235,1.0002230578018017
349,-0.0008552038122462413,0.9999935518792381,1.0008487556914845
350,-0.00022175305968930026,0.999999971226127,1.0002217242858165
351,-0.0008503310001892195,1.0000063748482444,1.0008567058484337
352,-0.00022049390445977313,1.0000000282861972,1.000220522190657
353,-0.0008455133088512978,0.9999936971824205,1.0008392104912718
354,-0.0002192484609709333,0.9999999721905147,1.0002192206514857
355,-0.0008407498396550417,1.000006232000898,1.000846981840553
356,-0.00021801664596476922,1.00000002734341,1.0002180439893746
357,-0.0008360396977031281,0.9999938376289501,1.0008298773266533
358,-0.00021679835913268608,0.9999999731122946,1.0002167714714272
359,-0.0008313819917440957,1.0000060939016586,1.0008374758934027
360,-0.0002155934836852169,1.0000000264420672,1.0002156199257524
361,-0.0008267758339822184,0.9999939734328989,1.000820749266881
362,-0.00021440188688204298,0.9999999739937768,1.0002143758806588
363,-0.000822220340050972,1.000005960342416,1.000828180682467
364,-0.00021322342056140364,1.0000000255798973,1.0002132490004587
365,-0.0008177146288686488,0.999994104796649,1.0008118194255176
366,-0.00021205792157702463,0.9999999748371475,1.0002120327587245
367,-0.000813257822548985,1.0000058311263158,1.0008190889488648
368,-0.00021090521226851955,1.000000024754814,1.0002109299670825
369,-0.0008088490463246667,0.9999942319116732,1.000803080957998
370,-0.00020976510088344114,0.9999999756444407,1.000209740745324
371,-0.0008044874283864023,1.000005706067061,1.0008101934954474
372,-0.0002086373819486509,1.0000000239648281,1.0002086613467767
373,-0.000800172099819696,0.9999943549592256,1.0007945270590453
374,-0.00020752183666084,0.9999999764175713,1.0002074982542322
375,-0.0007959051413696794,1.0000055849882878,1.0008014901296576
376,-0.0002064182331977804,1.0000000232081172,1.000206441441315
377,-0.0007916845626256275,0.9999944741110223,1.000786158673648
378,-0.0002053263270452299,0.9999999771583115,1.0002053034853566
379,-0.0007875081744650458,1.0000054677228027,1.0007929758972678
380,-0.00020424586131734257,1.0000000224829328,1.0002042683442502
381,-0.0007833751192827254,0.9999945895297988,1.0007779646490815
382,-0.00020317656696777764,0.9999999778683644,1.000203154435332
383,-0.0007792845418839178,1.0000053541121399,1.0007846386540238
384,-0.00020211816309589903,1.0000000217876353,1.0002021399507313
385,-0.0007752355894041774,0.9999947013698947,1.0007699369592988
386,-0.0002010703571462824,0.999999978549279,1.0002010489064252
387,-0.0007712274112085526,1.0000052440060199,1.0007764714172285
388,-0.00020003284511410646,1.000000021120702,1.0002000539658162
389,-0.00076725915874859,0.9999948097777094,1.000762068936458
390,-0.00019900785282411793,0.9999999792025482,1.0001989870553722
391,-0.0007633369651042776,1.0000051372617509,1.0007684742268552
392,-0.00019799302958001253,1.0000000204807513,1.0001980135103312
393,-0.0007594544651330359,0.9999949148922995,1.0007543693574326
394,-0.00019698780514521008,0.9999999798295587,1.0001969676347038
395,-0.0007556098541150469,1.0000050337438395,1.0007606435979546
396,-0.00019599183296092892,1.0000000198663632,1.000196011699324
397,-0.0007518022921913503,0.9999950168456937,1.000746819137885
398,-0.00019500736713573552,0.9999999804316204,1.0001949877987562
399,-0.0007480309411422859,1.0000049333235927,1.000752964264735
400,-0.00019403291914837917,1.0000000192763205,1.0001940521954689
401,-0.0007442999878754519,0.9999951157634062,1.0007394157512817
402,-0.00019306690893416967,0.9999999810099567,1.000193047918891
403,-0.0007406091891162814,1.0000048358786044,1.0007454450677207
404,-0.00019211065954943818,1.0000000187094082,1.0001921293689577
405,-0.0007369525970168378,0.9999952117647541,1.000732164361771
406,-0.00019116522075518505,0.9999999815657198,1.000191146786475
407,-0.0007333293804594465,1.0000047412925204,1.0007380706729798
408,-0.00019022732269802223,1.0000000181645206,1.0001902454872185
409,-0.0007297392117499579,0.999995304963266,1.000725044175016
410,-0.00018929944120621434,0.9999999820999977,1.000189281541204
411,-0.0007261926039471289,1.0000046494545627,1.00073084205851
412,-0.00018838100615975462,1.0000000176405703,1.0001883986467301
413,-0.0007226773905744666,0.9999953954670013,1.0007180728575757
414,-0.00018746918170831073,0.9999999826138462,1.0001874517955545
415,-0.0007191927463505721,1.0000045602593224,1.000723753005673
416,-0.00018656954828299988,1.0000000171366037,1.0001865866848867
417,-0.0007157396928473281,0.9999954833788537,1.000711223071701
418,-0.0001856758876075948,0.9999999831082136,1.0001856589958211
419,-0.0007123277752696944,1.0000044736063542,1.0007168013816239
420,-0.00018479236956725487,1.0000000166516303,1.0001848090211976
421,-0.0007089444659446609,0.9999955687968596,1.0007045132628043
422,-0.0001839161656300714,0.9999999835840063,1.0001838997496364
423,-0.000705588944183877,1.0000043893999424,1.0007099783441262
424,-0.00018304877043290313,1.0000000161848033,1.0001830649552361
425,-0.0007022694471403024,0.9999956518144721,1.0006979212616125
426,-0.00018218921403512223,0.9999999840420939,1.0001821732561291
427,-0.0006989828261587672,1.0000043075488816,1.0007032903750404
428,-0.00018133793736685444,1.0000000157352527,1.0001813536726196
429,-0.0006957220491818905,0.9999957325207808,1.0006914545699628
430,-0.00018049416467930124,0.9999999844832985,1.0001804786479778
431,-0.0006924914442223429,1.0000042279660866,1.000696719410309
432,-0.00017965894851756925,1.0000000153021942,1.0001796742507119
433,-0.0006892969072019861,0.9999958110007914,1.0006851079079935
434,-0.00017883004308599793,0.999999984908388,1.000178814951474
435,-0.0006861262826212133,1.0000041505685662,1.0006902768511874
436,-0.00017801077860857273,1.0000000148848884,1.0001780256634971
437,-0.0006829829230549644,0.9999958873356507,1.0006788702587057
438,-0.00017719623620687797,0.9999999853180963,1.0001771815543032
439,-0.0006798759045701375,1.0000040752770116,1.0006839511815817
440,-0.00017639230333210687,1.000000014482619,1.0001764067859513
441,-0.0006767908775835996,0.9999959616028279,1.0006727524804115
442,-0.0001755936287489157,0.9999999857130963,1.0001755793418452
443,-0.0006737331518807399,1.0000040020156968,1.0006777351675775
444,-0.00017480230316702094,1.0000000140947167,1.0001748163978839
445,-0.0006707091222313832,0.9999960338763241,1.0006667429985554
446,-0.00017401927105187287,0.9999999860940443,1.0001740053650963
447,-0.0006677051722322469,1.0000039307123112,1.0006716358845433
448,-0.00017324117938216643,1.0000000137205378,1.00017325489992
449,-0.0006647315034202239,0.9999961042268914,1.0006608357303117
450,-0.000172471809378405,0.9999999864615894,1.000172458270968
451,-0.000661785965265338,1.0000038612976996,1.000665647262965
452,-0.00017170911001923583,1.0000000133594964,1.0001717224695157
453,-0.0006588586025718102,0.9999961727221072,1.000655031324679
454,-0.00017095144651957384,0.9999999868162699,1.0001709382627895
455,-0.0006559674475906108,1.0000037937057118,1.0006597611533024
456,-0.00017020216779872754,1.0000000130110145,1.0001702151788132
457,-0.0006530959326686014,0.9999962394266844,1.0006493353593529
458,-0.00016945955605340846,0.9999999871587029,1.0001694467147564
459,-0.0006502476742323293,1.0000037278730896,1.0006539755473218
460,-0.00016872202975842798,1.000000012674534,1.0001687347042925
461,-0.000647430544138683,0.9999963044024516,1.0006437349465902
462,-0.00016799084465690672,0.9999999874893415,1.0001679783339985
463,-0.0006446286098499843,1.00000366373933,1.00064829234918
464,-0.00016726794561994218,1.0000000123495731,1.000167280295193
465,-0.0006418605159917989,0.9999963677086956,1.0006382282246875
466,-0.00016655013939792518,0.9999999878087636,1.0001665379481617
467,-0.0006391104351060606,1.0000036012464601,1.0006427116815662
468,-0.00016583746887294248,1.0000000120356012,1.000165849504474
469,-0.0006363839414696426,0.999996429402078,1.0006328133435476
470,-0.00016513123980005373,0.9999999881173893,1.0001651193571894
471,-0.0006336842727030501,1.000003540338987,1.0006372246116901
472,-0.00016443261897775008,1.0000000117322116,1.0001644443511895
473,-0.0006309989277855643,0.9999964895369482,1.0006274884647337
474,-0.00016373908926670122,0.999999988415663,1.0001637275049298
475,-0.0006283482379901284,1.000003480963705,1.0006318292016951
476,-0.00016305067624505787,1.0000000114389118,1.000163062115157
477,-0.0006257087111652404,0.9999965481653476,1.0006222568765128
478,-0.00016236740126768234,0.9999999887040611,1.0001623561053288
479,-0.0006231004595756429,1.0000034230696881,1.0006265235292637
480,-0.00016169089494288968,1.0000000111553222,1.0001617020502651
481,-0.0006205074192306981,0.9999966053372156,1.0006171127564463
482,-0.00016102085088187668,0.9999999889829554,1.0001610098338372
483,-0.0006179390789678996,1.0000033666080446,1.0006213056870124
484,-0.00016035584195350783,1.0000000108810314,1.000160366722985
485,-0.0006153911100914566,0.9999966611003517,1.0006120522104431
486,-0.00015969587439618183,0.9999999892527638,1.00015968512716
487,-0.0006128622502020176,1.0000033115319344,1.0006161737821364
488,-0.00015904095071039848,1.0000000106156473,1.0001590515663576
489,-0.0006103579447315766,0.9999967155006875,1.000607073445419
490,-0.0001583910697806612,0.9999999895138043,1.000158380583585
491,-0.0006078681395080276,1.0000032577963585,1.0006111259358665
492,-0.00015774622701447694,1.0000000103588307,1.0001577565858453
493,-0.0006054060959557184,0.9999967685822706,1.0006021746782263
494,-0.00015710837316562642,0.9999999897664638,1.0001570981396295
495,-0.0006029549248661725,1.0000032053581958,1.0006061602830618
496,-0.00015647544827346316,1.0000000101102329,1.0001564855585063
497,-0.00060053374797292,0.9999968203873756,1.0005973541353486
498,-0.00015584738739815585,0.9999999900110887,1.000155837398487
499,-0.0005981207957194701,1.0000031541759897,1.0006012749717093
500,-0.00015522417317870296,1.0000000098695205,1.0001552340426993
501,-0.0005957390961374709,0.9999968709566447,1.0005926100527822
502,-0.0001546057851558036,0.9999999902479877,1.0001545960331435
503,-0.0005933639525291801,1.0000031042099633,1.0005964681624926
504,-0.00015399219979678191,1.0000000096363753,1.000154001836172
505,-0.0005910203464730146,0.999996920328987,1.00058794067546
506,-0.00015338339060400052,0.9999999904774083,1.0001533738680122
507,-0.000588682606365909,1.000003055421868,1.0005917380282339
508,-0.0001527793282472545,1.0000000094105579,1.000152788738805
509,-0.0005863757152497207,0.9999969685419703,1.00058334425722
510,-0.0001521799805042634,0.9999999906997215,1.0001521706802257
511,-0.0005840749785870902,1.0000030077749864,1.0005870827535734
512,-0.0001515853124030575,1.0000000091917074,1.0001515945041104
513,-0.0005818034286905749,0.999997015631571,1.0005788190602616
514,-0.00015099528629458625,0.9999999909151711,1.0001509862014657
515,-0.0005795393003826255,1.0000029612340178,1.0005825005344005
516,-0.00015040986186121152,1.0000000089795966,1.0001504188414578
517,-0.0005773017224905419,0.9999970616324353,1.0005743633549258
518,-0.000149828996210577,0.9999999911239814,1.000149820120192
519,-0.000575073812364546,1.0000029157649615,1.0005779895773261
520,-0.00014925264390236448,1.0000000087739802,1.0001492614178826
521,-0.0005728688414122773,0.999997106577847,1.0005699754192592
522,-0.0001486807570280635,0.9999999913264788,1.0001486720835069
523,-0.0005706767641567301,1.0000028713351798,1.0005735480993365
524,-0.00014811328523961498,1.0000000085745802,1.0001481218598198
525,-0.0005685030389089851,0.9999971504998622,1.000565653538771
526,-0.00014755017582029906,0.9999999915228681,1.0001475416986885
527,-0.0005663464140769348,1.0000028279132258,1.0005691743273029
528,-0.0001469913736930617,1.000000008381173,1.0001469997548662
529,-0.0005642025766636194,0.9999971934293265,1.00056139600599
530,-0.00014643682145892845,0.9999999917133756,1.0001464285348345
531,-0.0005620810285406619,1.0000027854688647,1.0005648664974054
532,-0.00014588645948732104,1.0000000081935476,1.000145894653035
533,-0.0005599657242491562,0.9999972353958977,1.000557201120147
534,-0.00014534022594553386,0.9999999918981621,1.0001453321241076
535,-0.000557878881824736,1.000002743972915,1.00056062285474
536,-0.00014479805678435653,1.000000008011469,1.0001448060682534
537,-0.0005557948062185347,0.999997276428173,1.0005530712343915
538,-0.0001442598857803179,0.9999999920775431,1.0001442519633235
539,-0.000553738255481051,1.000002703397391,1.000556441652872
540,-0.00014372564463066562,1.000000007834751,1.0001437334793817
541,-0.0005516884476193806,0.999997316553682,1.0005490050013013
542,-0.00014319526294026552,0.9999999922516597,1.0001431875145999
543,-0.0005496574380476349,1.0000026637152275,1.0005523211532752
544,-0.0001426686682031164,1.0000000076632092,1.0001426763314123
545,-0.000547641537123944,0.9999973557989758,1.0005449973360996
546,-0.00014214578595006522,0.9999999924207064,1.0001421382066564
547,-0.0005456347245051396,1.0000026249004716,1.0005482596249768
548,-0.00014162653966104388,1.0000000074966073,1.0001416340362683
549,-0.0005436523742588517,0.9999973941895388,1.0005410465637976
550,-0.00014111085080187324,0.9999999925848483,1.0001411034356502
551,-0.000541672586319375,1.0000025869279365,1.000544259514256
552,-0.00014059869318949758,1.0000000073348274,1.000140606028017
553,-0.0005397192644874815,0.9999974317500839,1.0005371510145715
554,-0.00014009202667625287,0.9999999927443275,1.0001400847710038
555,-0.0005377726066705391,1.0000025497734593,1.0005403223801297
556,-0.00013958881190567762,1.000000007177654,1.0001395959895598
557,-0.000535840518893993,0.9999974685043287,1.0005333090232227
558,-0.00013908896313269414,0.9999999928992527,1.0001390818623854
559,-0.0005339266447361157,1.0000025134137174,1.0005364400584535
560,-0.00013859239275754165,1.0000000070249495,1.000138599417707
561,-0.0005320152031497161,0.9999975044751988,1.0005295196783486
562,-0.00013809901133071678,0.9999999930497856,1.0001380920611163
563,-0.0005301330209606658,1.0000024778261696,1.0005326108471302
564,-0.00013760872757556664,1.0000000068765265,1.000137615604102
565,-0.0005282539540747977,0.9999975396848062,1.000525793638881
566,-0.00013712144833982753,0.9999999931961007,1.0001371146444404
567,-0.0005263900604173255,1.000002442989165,1.0005288330495823
568,-0.00013663852107459462,1.000000006732272,1.0001366452533467
569,-0.0005245430313595145,0.9999975741544904,1.00052211718585
570,-0.00013616015907130796,0.9999999933383288,1.0001361534974
571,-0.0005226983084522518,1.000002408881712,1.0005251071901644
572,-0.0001356846561934577,1.0000000065920405,1.000135691248234
573,-0.0005208807683443895,0.9999976079048054,1.0005184886731497
574,-0.00013521191284460166,0.9999999934766398,1.0001352053894843
575,-0.0005190676856242638,1.0000023754835594,1.0005214431691836
576,-0.0001347418276969603,1.0000000064556336,1.0001347482833305
577,-0.0005172655019987649,0.9999976409556227,1.0005149064576215
578,-0.000134274297622472,0.9999999936111303,1.0001342679087528
579,-0.000515483731881039,1.0000023427751878,1.0005178265070689
580,-0.00013381177135723954,1.0000000063229948,1.000133818094352
581,-0.0005137041448937674,0.9999976733261922,1.0005113774710859
582,-0.0001333529970509173,0.9999999937419779,1.0001333467390288
583,-0.0005119447913570774,1.0000023107378229,1.00051425552918
584,-0.00013289660599979936,1.000000006193978,1.0001329027999777
585,-0.0005101961304164182,0.9999977050350418,1.0005079011654583
586,-0.00013244248899352273,0.9999999938692522,1.0001324363582458
587,-0.0005084495951802048,1.0000022793530998,1.00051072894828
588,-0.00013199053512968906,1.0000000060684182,1.0001319966035478
589,-0.0005067311573034861,0.9999977361000254,1.0005044672573289
590,-0.00013154388030423014,0.9999999939930954,1.0001315378733997
591,-0.0005050151673907655,1.0000022486034552,1.0005072637708459
592,-0.00013110050303938303,1.000000005946232,1.0001311064492713
593,-0.0005033075783569263,0.9999977665385109,1.0005010741168678
594,-0.00013065909685450183,0.999999994113622,1.0001306532104763
595,-0.000501621820072129,1.0000022184718937,1.000503840291966
596,-0.00013021954493613874,1.0000000058273144,1.0001302253722506
597,-0.0004999380695829836,0.9999977963672719,1.0004977344368549
598,-0.00012978338091623742,0.9999999942309601,1.0001297776118763
599,-0.0004982679114201027,1.0000021889419708,1.0005004568533908
600,-0.00012935225337462608,1.0000000057115637,1.0001293579649384
601,-0.0004966140224809124,0.9999978256023977,1.0004944396248785
602,-0.00012892277297832377,0.9999999943451987,1.000128917118177
603,-0.0004949620861791071,1.0000021599977158,1.000497122083895
604,-0.00012849481719323652,1.0000000055988174,1.0001285004160105
605,-0.0004933274680541389,0.9999978542595888,1.000491181727643
606,-0.00012806998373143808,0.9999999944564242,1.0001280644401556
607,-0.0004917050289042768,1.0000021316237924,1.0004938366526965
608,-0.0001276502631507026,1.0000000054890334,1.000127655752184
609,-0.0004900844879859312,0.9999978823539694,1.0004879668419553
610,-0.0001272318456843613,0.9999999945647788,1.0001272264104633
611,-0.0004884835272820354,1.0000021038053162,1.0004905873325982
612,-0.0001268146031095374,1.0000000053821139,1.0001268199852233
613,-0.0004868921246478086,0.9999979099001625,1.0004848020248103
614,-0.0001264018636760733,0.9999999946703069,1.0001263965339828
615,-0.00048530256661560855,1.0000020765278572,1.0004873790944728
616,-0.00012599263281409812,1.0000000052779634,1.0001259979107775
617,-0.0004837333880223782,0.999997936912352,1.0004816703003743
618,-0.0001255843414748048,0.9999999947731446,1.0001255791146195
619,-0.00048217261489824637,1.0000020497774846,1.0004842223923829
620,-0.00012517732973632567,1.000000005176448,1.0001251825061843
621,-0.0004806136334605249,0.9999979634042685,1.000478577037729
622,-0.00012477690570478206,0.9999999948733178,1.0001247717790225
623,-0.0004790743684485177,1.0000020235407292,1.0004810979091778
624,-0.00012437717619301347,1.000000005077543,1.000124382253736
625,-0.00047754382399145534,0.9999979893891642,1.0004755332131556
626,-0.00012397800346447552,0.9999999949709728,1.0001239729744373
627,-0.0004760150190723511,1.000001997804482,1.0004780128235544
628,-0.00012358430525299946,1.0000000049811495,1.0001235892864024
629,-0.0004745038048651895,0.9999980148799268,1.000472518684792
630,-0.00012319272164212913,0.9999999950661564,1.0001231877877985
631,-0.0004730030943422836,1.0000019725561249,1.0004749756504672
632,-0.00012280143654030962,1.0000000048871638,1.000122806323704
633,-0.0004715040719646124,0.9999980398889339,1.0004695439608984
634,-0.00012241439102789187,0.9999999951589373,1.0001224095499652
635,-0.0004700190510656954,1.0000019477834057,1.0004719668344713
636,-0.00012203051190523562,1.000000004795527,1.0001220353074323
637,-0.0004685477856760656,0.9999980644283466,1.0004666122140227
638,-0.00012164666390268586,0.9999999952494476,1.0001216419133503
639,-0.000467078157897427,1.0000019234744282,1.0004690016323257
640,-0.00012126664544870325,1.0000000047061566,1.0001212713516052
641,-0.00046561747719842117,0.9999980885097655,1.0004637059869639
642,-0.00012089000498571867,0.9999999953376535,1.000120885342639
643,-0.00046417527410835824,1.0000018996176903,1.0004660748917986
644,-0.00012051311914645924,1.0000000046190454,1.0001205177381918
645,-0.00046273465888579945,0.9999981121445809,1.0004608468034668
646,-0.00012014047770481096,0.9999999954237468,1.0001201359014518
647,-0.00046129646886927667,1.0000018762020586,1.0004631726709279
648,-0.0001197705864002252,1.0000000045339845,1.0001197751203847
649,-0.0004598829511244795,0.9999981353436878,1.0004580182948122
650,-0.0001194001642633169,0.9999999955077146,1.0001193956719778
651,-0.000458470972285685,1.0000018532167632,1.0004603241890488
652,-0.00011903522718509363,1.0000000044510795,1.0001190396782647
653,-0.0004570605359400792,0.9999981581178388,1.0004552186537787
654,-0.00011867157255429639,0.9999999955896514,1.0001186671622055
655,-0.0004556682226792286,1.0000018306512541,1.0004574988739334
656,-0.00011830715240540579,1.0000000043701334,1.0001183115225387
657,-0.0004542845098134962,0.9999981804772496,1.0004524649870632
658,-0.00011795016653615154,0.9999999956695653,1.0001179458361014
659,-0.0004529022911539671,1.000001808495396,1.00045471078655
660,-0.00011759221362939165,1.000000004291164,1.0001175965047935
661,-0.00045152850824081714,0.9999982024320176,1.0004497309402585
662,-0.00011723603718027942,0.9999999957476404,1.0001172317848206
663,-0.0004501726965887576,1.0000017867393614,1.0004519594359502
664,-0.00011688450424068852,1.0000000042141002,1.000116888718341
665,-0.00044881833172827346,0.9999982239917813,1.0004470423235095
666,-0.00011653169616321346,0.9999999958237659,1.000116527519929
667,-0.0004474654169923098,1.000001765373523,1.0004492307905153
668,-0.00011618403675256461,1.000000004138855,1.0001161881756075
669,-0.00044613297023948784,0.9999982451659687,1.0004443781362082
670,-0.00011583738707660052,0.9999999958981294,1.000115833285206
671,-0.0004448061007955584,1.0000017443886462,1.0004465504894418
672,-0.00011549087051515583,1.0000000040653765,1.0001154949358917
673,-0.00044348063472982036,0.9999982659637381,1.0004417465984679
674,-0.00011515025932984368,0.9999999959707143,1.0001151462300442
675,-0.0004421627798381622,1.0000017237757501,1.0004438865555882
676,-0.00011480790193374446,1.000000003993624,1.0001148118955578
677,-0.00044086305290241823,0.9999982863939638,1.0004391494468663
678,-0.00011447035534201122,0.9999999960416154,1.0001144663969574
679,-0.0004395646834904343,1.0000017035260806,1.0004412682095711
680,-0.00011413375507901558,1.0000000039235704,1.0001141376786493
681,-0.00043826767463062133,0.9999983064652396,1.0004365741398702
682,-0.00011379770592467864,0.9999999961108484,1.000113793816773
683,-0.00043698665303659734,1.0000016836311163,1.000438670284153
684,-0.00011346673077106129,1.0000000038551222,1.0001134705858932
685,-0.00043571503355377406,0.9999983261859158,1.0004340412194694
686,-0.00011313351721348175,0.999999996178474,1.0001131296956876
687,-0.00043444472951398305,1.0000016640826574,1.0004361088121714
688,-0.00011280684429254562,1.0000000037882852,1.0001128106325778
689,-0.0004331757437984751,0.9999983455641366,1.0004315213079351
690,-0.00011247895556049103,0.9999999962445747,1.0001124752001351
691,-0.0004319291645698553,1.0000016448726838,1.0004335740372536
692,-0.00011215410036741202,1.0000000037229766,1.000112157823344
693,-0.00043068522475470106,0.9999983646077905,1.0004290498325452
694,-0.0001118313931250392,0.999999996309108,1.000111827702233
695,-0.00042944255885113414,1.000001625993448,1.0004310685522992
696,-0.00011150849353580572,1.0000000036591452,1.0001115121526811
697,-0.0004282045644343757,0.9999983833245019,1.0004265878889362
698,-0.00011119082030264238,0.9999999963722114,1.000111187192514
699,-0.0004269866534122313,1.0000016074374,1.0004285940908124
700,-0.00011087022408517999,1.0000000035967875,1.0001108738208728
701,-0.0004257699727766018,0.9999984017217491,1.0004241716945257
702,-0.00011055721791386475,0.9999999964338864,1.0001105536518002
703,-0.00042455452520656634,1.0000015891971732,1.0004261437223798
704,-0.00011024133046128037,1.0000000035358099,1.000110244866271
705,-0.00042334651571701576,0.9999984198067113,1.0004217663224284
706,-0.00010993055734126456,0.9999999964941714,1.0001099270515126
707,-0.0004221554907951619,1.0000015712656833,1.0004237267564786
708,-0.0001096192206967439,1.0000000034762329,1.0001096226969297
709,-0.0004209656561943165,0.9999984375864709,1.0004194032426652
710,-0.0001093108012008015,0.9999999965530619,1.0001093073542626
711,-0.00041977701440842896,1.000001553635984,1.0004213306503926
712,-0.00010900385341261476,1.000000003417978,1.0001090072713905
713,-0.00041859662429033495,0.9999984550678398,1.0004170516921302
714,-0.00010869790335005236,0.9999999966106783,1.0001086945140283
715,-0.0004174320788208341,1.0000015363013295,1.0004189683801503
716,-0.00010839517872318627,1.000000003361013,1.0001083985397363
717,-0.00041626868424554653,0.9999984722574227,1.0004147409416682
718,-0.00010809180933046836,0.9999999966670052,1.0001080884763356
719,-0.0004151064429960827,1.0000015192551435,1.0004166256981395
720,-0.0001077931385083386,1.0000000033053038,1.000107796443812
721,-0.0004139513143645024,0.9999984891617308,1.0004124404760955
722,-0.00010749245658847606,0.999999996722088,1.0001074891786765
723,-0.00041281284885213987,1.0000015024911244,1.0004143153399765
724,-0.00010719766655470364,1.0000000032507808,1.0001072009173355
725,-0.00041167549543214,0.9999985057869945,1.0004101812824266
726,-0.00010689977478461898,0.9999999967759862,1.0001068965507707
727,-0.00041053925643363964,1.0000014860030806,1.0004120252595143
728,-0.00010660868895695508,1.00000000319752,1.000106611886477
729,-0.0004094070379446202,0.9999985221393978,1.0004079291773424
730,-0.00010631368597913138,0.9999999968286974,1.0001063105146766
731,-0.0004082942597961603,1.0000014697849287,1.0004097640447247
732,-0.00010602612427834668,1.0000000031453848,1.0001060292696633
733,-0.0004071825556529185,0.9999985382247661,1.0004057207804191
734,-0.00010573410492692448,0.9999999968802288,1.0001057309851558
735,-0.00040607192775876655,1.0000014538308577,1.0004075257586165
736,-0.00010544988376520736,1.0000000030944065,1.0001054529781717
737,-0.00040496237829756865,0.9999985540489775,1.000403516427275
738,-0.00010516093922174896,0.999999996930728,1.0001051578699498
739,-0.00040387279672571275,1.0000014381351277,1.0004053109318534
740,-0.00010487987161394985,1.0000000030444562,1.0001048829160701
741,-0.00040278635684715125,0.9999985696175641,1.0004013559744112
742,-0.0001045940896020614,0.9999999969800257,1.0001045910696278
743,-0.00040170095574876274,1.0000014226921885,1.0004031236479372
744,-0.00010431598515991958,1.0000000029956255,1.0001043189807854
745,-0.00040061659546508643,0.9999985849361104,1.0003992015315755
746,-0.00010403344998144437,0.9999999970284152,1.0001040304783966
747,-0.0003995449689681019,1.0000014074967518,1.00040095246572
748,-0.00010375811493634757,1.0000000029478402,1.0001037610627765
749,-0.0003984834151904981,0.9999986000098939,1.0003970834250844
750,-0.00010347890779999203,0.9999999970756976,1.0001034759834977
751,-0.0003974228633353283,1.0000013925434,1.0003988154067351
752,-0.00010320614504194525,1.0000000029010383,1.0001032090460802
753,-0.000396363315426862,0.9999986148440402,1.000394978159467
754,-0.00010293034407071744,0.999999997121953,1.0001029274660236
755,-0.0003953073086647718,1.0000013778270942,1.000396685135759
756,-0.00010265995316277587,1.0000000028552438,1.0001026628084067
757,-0.00039427026939742316,0.9999986294437099,1.0003928997131073
758,-0.00010238763358200176,0.9999999971673045,1.0001023848008865
759,-0.00039323419597647735,1.0000013633428635,1.00039459753884
760,-0.00010211941072557629,1.000000002810381,1.0001021222211066
761,-0.00039219909030285827,0.999998643813778,1.0003908429040809
762,-0.0001018506449906309,0.9999999972116788,1.0001018478566694
763,-0.0003911649543403839,1.0000013490858322,1.0003925140401726
764,-0.00010158438313712104,1.0000000027665092,1.0001015871496464
765,-0.00039014347920846015,0.999998657958979,1.0003888014381874
766,-0.00010131924101836054,0.9999999972551281,1.0001013164961465
767,-0.00038913151987657324,1.0000013350512373,1.0003904665711139
768,-0.00010105472971261298,1.0000000027234641,1.0001010574531768
769,-0.00038812049285147365,0.9999986718840359,1.0003867923768874
770,-0.00010079327854284337,0.9999999972976792,1.000100790576222
771,-0.00038711039996247587,1.000001321234557,1.0003884316345195
772,-0.00010053030405371421,1.0000000026813678,1.0001005329854216
773,-0.000386101243059489,0.9999986855934946,1.000384786836554
774,-0.00010027260868183951,0.9999999973393447,1.0001002699480266
775,-0.00038511142034086676,1.0000013076312264,1.0003864190515672
776,-0.00010001095387812686,1.0000000026401032,1.0001000135939813
777,-0.00038412411473487396,0.9999986990917638,1.0003828232064986
778,-9.975707687492896e-05,0.9999999973801996,1.0000997544570747
779,-0.0003831377084783094,1.0000012942369494,1.0003844319454278
780,-9.949908509765404e-05,1.0000000025997113,1.0000995016848089
781,-0.0003821522033043423,0.9999987123831817,1.000380864586486
782,-9.924652306908532e-05,0.999999997420185,1.0000992439432541
783,-0.0003811704999909793,1.0000012810473817,1.0003824515473727
784,-9.899246439343257e-05,1.000000002560116,1.0000989950245094
785,-0.00038020656491871696,0.999998725471911,1.0003789320368297
786,-9.874078174554324e-05,0.9999999974593745,1.0000987382411202
787,-0.00037924349510065625,1.0000012680584331,1.0003805115535338
788,-9.84907126510004e-05,1.0000000025213336,1.0000984932339847
789,-0.0003782812921997447,0.9999987383621024,1.000377019654302
790,-9.823968192712584e-05,0.9999999974977704,1.0000982371796976
791,-0.00037731995788309325,1.0000012552660151,1.0003785752238983
792,-9.799365696616658e-05,1.000000002483322,1.0000979961402883
793,-0.0003763644677166611,0.9999987510577248,1.0003751155254414
794,-9.77437381859958e-05,0.9999999975354001,1.000097741273586
795,-0.0003754243902607812,1.0000012426662268,1.0003766670564875
796,-9.750111926132288e-05,1.0000000024460627,1.000097503565324
797,-0.0003744851463327037,0.9999987635626502,1.000373248708983
798,-9.725534517429635e-05,0.9999999975722629,1.0000972529174372
799,-0.0003735467374588186,1.0000012302551675,1.0003747769926263
800,-9.701291614111485e-05,1.0000000024095632,1.0000970153257043
801,-0.0003726091652729857,0.9999987758807353,1.0003713850460083
802,-9.677133620000777e-05,0.999999997608406,1.0000967689446059
803,-0.00037167703804080743,1.0000012180291484,1.0003728950671893
804,-9.652885923167043e-05,1.0000000023737903,1.000096531233022
805,-0.0003707604157002775,0.9999987880156347,1.000369548431335
806,-9.629152119083884e-05,0.9999999976438461,1.000096289165037
807,-0.00036984459570388317,1.0000012059844794,1.0003710505801833
808,-9.605048715666253e-05,1.0000000023386864,1.000096052825843
809,-0.0003689295795973324,0.9999987999709761,1.0003677295505735
810,-9.581570500249992e-05,0.9999999976785692,1.0000958133835716
811,-0.0003680153688375709,1.0000011941175824,1.0003692094864198
812,-9.55790012266422e-05,1.000000002304318,1.0000955813055448
813,-0.00036710376199228234,0.9999988117503348,1.000365915512327
814,-9.534368751679123e-05,0.9999999977126444,1.0000953414001612
815,-0.00036621020011973204,1.0000011824249642,1.0003673926250838
816,-9.511135742434895e-05,1.000000002270572,1.0000951136279963
817,-0.00036531741002143736,0.9999988233570523,1.0003641407670738
818,-9.487547026576504e-05,0.9999999977460386,1.0000948732163044
819,-0.00036442539316910993,1.0000011709032262,1.0003655962963953
820,-9.464734925945795e-05,1.00000000223751,1.0000946495867695
821,-0.000363534150997491,0.9999988347945392,1.0003623689455368
822,-9.441591613107425e-05,0.9999999977787715,1.0000944136949026
823,-0.00036264368489069554,1.0000011595491352,1.0003638032340259
824,-9.418676537431558e-05,1.0000000022050992,1.0000941889704735
825,-0.00036176933942427825,0.9999988460661035,1.0003606154055278
826,-9.395982577348194e-05,0.9999999978108722,1.0000939576366457
827,-0.00036089919292409123,1.0000011483593676,1.0003620475522916
828,-9.372945791291665e-05,1.0000000021732756,1.0000937316311884
829,-0.00036002978964227994,0.9999988571748666,1.0003588869645088
830,-9.35069817670775e-05,0.9999999978423904,1.0000935048241575
831,-0.0003591611309418097,1.0000011373308,1.0003602984617417
832,-9.328118059453994e-05,1.0000000021421007,1.0000932833226952
833,-0.00035829321816571724,0.9999988681239901,1.0003571613421558
834,-9.305716175345147e-05,0.9999999978732744,1.0000930550350278
835,-0.00035743346407457466,1.0000011264603395,1.000358559924414
836,-9.283596337339439e-05,1.0000000021115034,1.0000928380748768
837,-0.00035658558239554106,0.9999988789165577,1.0003554644989532
838,-9.261145601741072e-05,0.9999999979035816,1.000092609359599
839,-0.00035573841456881805,1.0000011157450017,1.0003568541595707
840,-9.239357809032178e-05,1.0000000020814774,1.0000923956595678
841,-0.0003548919618431845,0.9999988895554432,1.0003537815172865
842,-9.217374018638536e-05,0.9999999979333118,1.0000921716734983
843,-0.00035404622551715725,1.0000011051817985,1.0003551514073157
844,-9.195379164944617e-05,1.000000002052044,1.0000919558436936
845,-0.0003532012069362711,0.9999989000436393,1.0003521012505756
846,-9.173865632255973e-05,0.9999999979625096,1.0000917366188322
847,-0.00035237224819523183,1.0000010947679165,1.0003534670161118
848,-9.152032261849907e-05,1.0000000020231283,1.000091522345747
849,-0.00035154694508510165,0.9999989103838992,1.0003504573289843
850,-9.130596566570004e-05,0.999999997991122,1.0000913039567878
851,-0.00035072232830812844,1.0000010845005411,1.0003518068288493
852,-9.109239533494629e-05,1.0000000019947697,1.0000910943901047
853,-0.0003498983990311566,0.9999989205790777,1.000348818978109
854,-9.087570243360155e-05,0.9999999980192312,1.000090873721665
855,-0.00034907515855342464,1.0000010743769172,1.0003501495354707
856,-9.066664809082026e-05,1.0000000019669324,1.0000906686150233
857,-0.00034825488919759673,0.9999989306318087,1.0003471855210062
858,-9.045477578634165e-05,0.999999998046806,1.0000904528225922
859,-0.00034745108743117203,1.0000010643944237,1.0003485154818548
860,-9.024283158703961e-05,1.000000001939605,1.000090244771192
861,-0.0003466479437933545,0.9999989405447625,1.000345588488556
862,-9.003580875494022e-05,0.9999999980738712,1.0000900338826262
863,-0.00034584545945248735,1.0000010545503821,1.0003469000098346
864,-8.982576100668993e-05,1.0000000019127828,1.0000898276737895
865,-0.00034504363559478834,0.9999989503205127,1.0003439939561074
866,-8.961854648020795e-05,0.9999999981004575,1.0000896166469377
867,-0.0003442424733686722,1.0000010448422691,1.0003452873156378
868,-8.941340053114644e-05,1.0000000018864512,1.0000894152869824
869,-0.0003434465739402537,0.9999989599615803,1.0003424065355206
870,-8.920529769140817e-05,0.9999999981265328,1.0000892034242241
871,-0.0003426645478213919,1.000001035267637,1.0003436998154585
872,-8.900251180554708e-05,1.0000000018606383,1.0000890043724437
873,-0.0003418831534155453,0.9999989694704245,1.00034085262384
874,-8.879936006900291e-05,0.9999999981521204,1.0000887975121895
875,-0.0003411023918389322,1.0000010258239664,1.0003421282158054
876,-8.859331662597336e-05,1.0000000018353266,1.0000885951519525
877,-0.0003403222642028858,0.9999989788494746,1.0003393011136774
878,-8.839465431392801e-05,0.9999999981772904,1.0000883928316042
879,-0.000339542771596979,1.0000010165089623,1.0003405592805592
880,-8.81936084387025e-05,1.0000000018103608,1.0000881954187995
881,-0.00033876790331904827,0.9999989881010454,1.0003377560043645
882,-8.799090957328781e-05,0.9999999982019573,1.0000879891115306
883,-0.00033800725080423977,1.0000010073202446,1.0003390145710487
884,-8.779488551891035e-05,1.0000000017858925,1.0000877966714115
885,-0.0003372472041228147,0.9999989972274564,1.0003362444315793
886,-8.759605181613006e-05,0.9999999982261804,1.0000875942779965
887,-0.0003364877643479147,1.0000009982555564,1.0003374860199044
888,-8.73968715142115e-05,1.0000000017618522,1.0000873986333665
889,-0.000335728932498669,0.99999900623098,1.0003347351634786
890,-8.720310229726191e-05,0.9999999982499637,1.0000872013522608
891,-0.00033497070961330255,1.0000009893126425,1.0003359600222557
892,-8.700658204235934e-05,1.0000000017382382,1.0000870083202806
893,-0.00033421354198232,0.9999990151137621,1.0003332286557445
894,-8.681060303111776e-05,0.9999999982733851,1.0000868088764163
895,-0.00033347386959636793,1.000000980489429,1.0003344543590253
896,-8.661918755659137e-05,1.0000000017150574,1.000086620902614
897,-0.0003327347777045131,0.9999990238779767,1.0003317586556812
898,-8.64250771784314e-05,0.9999999982963597,1.000086423373538
899,-0.00033199626732460796,1.0000009717837208,1.0003329680510453
900,-8.623197806711946e-05,1.0000000016923072,1.0000862336703742
901,-0.0003312583394858293,0.9999990325257326,1.0003302908652185
902,-8.604301052955732e-05,0.9999999983189177,1.0000860413294472
903,-0.000330520995098893,1.0000009631934241,1.0003314841885231
904,-8.585140197220342e-05,1.0000000016699417,1.0000858530719139
905,-0.0003297842351618896,0.999999041059087,1.0003288252942488
906,-8.566085722822026e-05,0.9999999983410777,1.0000856591983058
907,-0.0003290591255242781,1.0000009547164956,1.00033001384202
908,-8.547442747669498e-05,1.000000001647957,1.0000854760754339
909,-0.00032834060393510667,0.9999990494800306,1.0003273900839658
910,-8.52854084024135e-05,0.999999998362887,1.0000852837712895
911,-0.00032762263907759603,1.0000009463510384,1.000328568990116
912,-8.50970883060631e-05,1.0000000016264001,1.000085098714706
913,-0.00032690523180178843,0.9999990577905401,1.000325963022342
914,-8.49132820208709e-05,0.9999999983842722,1.000084911666293
915,-0.000326188383091508,1.0000009380950523,1.000327126478144
916,-8.472693596517367e-05,1.0000000016051813,1.0000847285411465
917,-0.00032547209387628895,0.9999990659925311,1.0003245380864074
918,-8.454050653200484e-05,0.9999999984053015,1.0000845389118336
919,-0.00032475778451196424,1.000000929946608,1.00032568773112
920,-8.435940550988175e-05,1.0000000015843196,1.0000843609898293
921,-0.0003240594569554056,0.9999990740878578,1.0003231335448133
922,-8.417581229402948e-05,0.9999999984259302,1.0000841742382243
923,-0.00032336166185026327,1.0000009219038577,1.000324283565708
924,-8.399093522043488e-05,1.0000000015638424,1.0000839924990628
925,-0.0003226644001069756,0.9999990820783886,1.0003217464784955
926,-8.381261750478597e-05,0.9999999984462626,1.0000838110637673
927,-0.00032196767255343595,1.000000913965044,1.0003228816375975
928,-8.363185324578026e-05,1.0000000015436952,1.000083633396941
929,-0.0003212714800593375,0.9999990899659781,1.0003203614460374
930,-8.344867597126493e-05,0.9999999984662254,1.0000834471421967
931,-0.000320575823539615,1.0000009061283022,1.0003214819518418
932,-8.327272600994196e-05,1.000000001523915,1.000083274249925
933,-0.0003198861513944995,0.9999990977523111,1.0003189839037057
934,-8.309486339747041e-05,0.9999999984858599,1.0000830933492573
935,-0.0003192081584747486,1.0000008983919295,1.0003201065504044
936,-8.291463073334393e-05,1.0000000015044705,1.0000829161352038
937,-0.0003185306751816164,0.9999991054391668,1.0003176361143484
938,-8.273952783577343e-05,0.9999999985051491,1.0000827380329849
939,-0.00031785370233300414,1.0000008907541904,1.0003187444565234
940,-8.256463637157374e-05,1.0000000014853334,1.000082566121705
941,-0.0003171772407538631,0.9999991130281574,1.0003162902689113
942,-8.238741602023536e-05,0.9999999985241199,1.0000823859401402
943,-0.00031650129124288773,1.0000008832134424,1.0003173845046853
944,-8.221280887044102e-05,1.000000001466546,1.0000822142754164
945,-0.00031582585467054836,0.9999991205210168,1.0003149463756873
946,-8.204095498454134e-05,0.9999999985427448,1.0000820394977294
947,-0.0003151569881869598,1.0000008757680987,1.0003160327562857
948,-8.186681170696541e-05,1.000000001448048,1.000081868259755
949,-0.0003144989241988805,0.9999991279193494,1.0003136268435484
950,-8.16923442880646e-05,0.999999998561069,1.0000816909053571
951,-0.00031384134748418946,1.0000008684164787,1.0003147097639629
952,-8.152359150587207e-05,1.0000000014298585,1.0000815250213644
953,-0.0003131842588561251,0.9999991352246671,1.0003123194835233
954,-8.135258729236039e-05,0.9999999985790815,1.000081351166374
955,-0.0003125276590479342,1.0000008611570326,1.0003133888160805
956,-8.117936164198092e-05,1.000000001411998,1.00008118077364
957,-0.00031187154883233204,0.9999991424386139,1.0003110139874463
958,-8.10123080393077e-05,0.9999999985968122,1.0000810109048515
959,-0.000311215928995634,1.0000008539882455,1.000312069917241
960,-8.084450211676142e-05,1.0000000013943948,1.0000808458965116
961,-0.0003105640468276105,0.999999149562635,1.0003097136094627
962,-8.067451042376161e-05,0.999999998614259,1.0000806731246827
963,-0.00030992551540598434,1.0000008469085762,1.0003107724239821
964,-8.05068563926592e-05,1.0000000013771149,1.0000805082335076
965,-0.0003092874494027287,0.9999991565982767,1.0003084440476795
966,-8.03423055991681e-05,0.9999999986313849,1.000080340936984
967,-0.00030864984959794173,1.0000008399166163,1.0003094897662141
968,-8.017560321055273e-05,1.000000001360149,1.0000801769633596
969,-0.000308012716688677,0.9999991635469527,1.0003071762636413
970,-8.000697854282368e-05,0.9999999986482357,1.0000800056267787
971,-0.000307376051426278,1.0000008330108372,1.0003082090622635
972,-7.984573733915701e-05,1.0000000013434314,1.0000798470807706
973,-0.0003067398545492095,0.9999991704101583,1.0003059102647076
974,-7.968237732186578e-05,0.9999999986648429,1.0000796810421648
975,-0.0003061041267701792,1.000000826189926,1.0003069303166963
976,-7.951692616914308e-05,1.000000001326966,1.0000795182531352
977,-0.0003054817555550593,0.9999991771891632,1.0003046589447182
978,-7.935452722201974e-05,0.999999998681161,1.000079353208383
979,-0.00030486281353531153,1.000000819452433,1.0003056822659684
980,-7.91945605093658e-05,1.0000000013107466,1.000079195871256
981,-0.0003042443163600028,0.9999991838854124,1.0003034282017724
982,-7.903253342744776e-05,0.9999999986971875,1.000079031230615
983,-0.00030362626466368114,1.0000008127970137,1.0003044390616773
984,-7.886847276017406e-05,1.000000001294871,1.0000788697676313
985,-0.0003030086591854775,0.9999991905003431,1.0003021991595287
986,-7.871187103825061e-05,0.9999999987130406,1.000078710584079
987,-0.00030239150061300846,1.0000008062223587,1.0003031977229717
988,-7.855331567668822e-05,1.00000000127916,1.0000785545948365
989,-0.0003017747895870948,0.9999991970350703,1.0003009718246574
990,-7.839275566046133e-05,0.9999999987285366,1.000078391484197
991,-0.0003011615254103206,1.0000007997271543,1.0003019612525645
992,-7.823401793433105e-05,1.0000000012637869,1.0000782352817212
993,-0.00030056132962447135,0.999999203491037,1.0002997648206615
994,-7.807898002726299e-05,0.9999999987438069,1.000078077723834
995,-0.00029996155779959954,1.0000007933101334,1.000300754867933
996,-7.792196522637962e-05,1.0000000012486332,1.0000779232138597
997,-0.00029936221062148993,0.999999209869455,1.0002985720800766
998,-7.776299881284698e-05,0.9999999987588608,1.0000777617576737
999,-0.000298763288729742,1.000000786970018,1.0002995502587477
1000,-7.760922438782014e-05,1.0000000012336874,1.0000776104580753
1001,-0.00029816479278999,0.9999992161715388,1.0002973809643287
1002,-7.745579769091737e-05,0.9999999987736836,1.0000774545713744
1003,-0.0002975667234092483,1.0000007807056195,1.0002983474290288
1004,-7.730044537906933e-05,1.0000000012190213,1.0000773016644005
1005,-0.0002969690812301695,0.9999992223985925,1.0002961914798227
1006,-7.714373743833436e-05,0.9999999987882433,1.0000771425256816
1007,-0.0002963769393088955,1.0000007745157131,1.000297151455022
